{
  "Baseline_naive": {
    "RMSE": 1.388919040208974,
    "MAE": 1.0053510753575778,
    "R2": 0.9046918970237257,
    "DirChange": 0.5833333333333334
  },
  "LGBM": {
    "RMSE": 1.5652237751630564,
    "MAE": 1.2091969818619075,
    "R2": 0.8789600224691494,
    "DirChange": 0.6111111111111112,
    "BestIteration": 61
  }
}