{
  "Baseline": {
    "RMSE": 0.9305075773750685,
    "MAE": 0.6158341904886063,
    "R2": 0.9173941706462335,
    "DirChange": 0.4835164835164835
  },
  "XGB_residual": {
    "RMSE": 1.028613257473985,
    "MAE": 0.8061530389633632,
    "R2": 0.899057256831053,
    "DirChange": 0.4945054945054945
  }
}