{
  "Baseline": {
    "RMSE": 2.179944169424212,
    "MAE": 1.7313456654941608,
    "R2": 0.7758293406940897,
    "DirChange": 0.5109489051094891
  },
  "LGBM_residual": {
    "RMSE": 2.0009407583421575,
    "MAE": 1.6695338409933989,
    "R2": 0.811132823205378,
    "DirChange": 0.5474452554744526
  }
}