Regime,WeightedMean
Low,26.493250186920132
Med,26.51754520607198
High,26.575458626692186
