,S&P_500,IEF,Gold,Wheat,Natural_Gas,Crude_Oil,PBW
S&P_500,0.9754934454270101,0.004805194629461431,0.0016373471267239243,0.000482989850025039,0.0005218612809671355,0.002264515504239302,0.01479464618157314
IEF,0.12277767420560301,0.8675867183190671,0.002266516859672376,0.0064678451130150295,4.5060058898681714e-05,0.0006982270397390406,0.0001579584040048403
Gold,0.07325251491360965,0.19019773113579785,0.7291689556099379,0.001000899367574839,8.086075961971711e-07,0.004919389891427948,0.0014597004740556523
Wheat,0.01688254594221064,0.015548472158305238,0.006567360865044532,0.9419930378238905,0.0012880038251322627,0.0037355443207039607,0.013985035064712855
Natural_Gas,0.0037286462484092463,0.004739801203060824,0.006978160624982281,0.004126744660141149,0.9799504070106607,0.00025366949607077944,0.0002225707566751217
Crude_Oil,0.08439294160426583,0.006436877086459751,0.04120439583849183,0.015742617320485205,0.016617067240771232,0.833774493718437,0.001831607191089067
PBW,0.42496888650225445,0.0006053643379621503,0.0015527775308677315,0.004288144908956478,0.0025060288057672285,0.034146586336390866,0.5319322115778012
