Asset,TO,FROM,NET
S&P_500,0.9529574988532769,0.19599034355032707,0.7569671553029498
IEF,0.258907413474323,0.3343057961042446,-0.0753983826299216
Gold,0.25528998990841756,0.24993157479384243,0.005358415114575132
Wheat,0.1152608416472154,0.1124415133324822,0.002819328314733194
Natural_Gas,0.13541225642817767,0.10269292592210744,0.03271933050607023
Crude_Oil,0.13604060561918385,0.3457878430066882,-0.20974723738750434
PBW,0.10909507224848242,0.6218136814693851,-0.5127186092209026
