,S&P_500,IEF,Gold,Wheat,Natural_Gas,Crude_Oil,PBW
S&P_500,0.9903839697074411,0.005867355615588307,1.910303206367864e-05,2.4178176792171473e-05,0.0015288038173775942,0.0020490675101061213,0.0001275221406310923
IEF,0.006886438873059041,0.9687489845369496,0.00024447525772141557,0.0011941588445563676,0.011338371337310126,0.0004484552412946048,0.01113911590910903
Gold,0.020375406348745292,0.021775996913386927,0.9424460019396202,0.00016340730930799942,0.0015449093216482114,0.0014752378948242428,0.012219040272467223
Wheat,0.0004022174487251193,0.00015814624894592235,0.010524257462150566,0.984211249147808,0.00015494130534363055,0.0030467324375008783,0.001502455949526024
Natural_Gas,0.0055068693563773185,0.0009635055658314004,0.001962219355137758,0.00879258018746312,0.9814218322683869,3.9153604357093656e-05,0.0013138396624463894
Crude_Oil,0.03573921959897513,0.05593601158498831,0.05924969822930371,0.0010201801949227573,0.00459809531499995,0.8426186089487648,0.000838186128045275
PBW,0.36616651442853454,0.027750536445459127,0.002567648354477271,0.003855665914697281,0.0007291581836765398,0.0040721564747664965,0.5948583201983889
