,S&P_500,IEF,Gold,Wheat,Natural_Gas,Crude_Oil,PBW
S&P_500,0.9948359548816587,0.0007339705282733052,0.000672449668767675,0.0011475637153249732,0.002209478000282383,0.00026693620300460147,0.0001336470026884285
IEF,0.12949918914624323,0.8548201026907533,0.0008340969404876522,0.002155194550534592,0.0053456352126084565,0.001679579664793048,0.005666201794579907
Gold,0.021467517615286896,0.07159299539679549,0.9010409554950588,0.0027902502982006757,0.0015073362223965666,0.0002767472427669043,0.0013241977294948164
Wheat,0.004627103351897922,0.004691199339121265,0.002675568697391448,0.97550243871582,0.0035588385709148366,0.008902746657520347,4.210466733407997e-05
Natural_Gas,0.0057639035554139925,0.0008533555730137287,0.0019998497590064846,0.003879515383917573,0.9839156653597523,0.00048070837153659304,0.003107001997359377
Crude_Oil,0.09159622841286373,0.013681360995305137,0.015975627593580344,0.008271014881411312,0.027845573428973317,0.8426231527416932,7.041946172952274e-06
PBW,0.46987053501284404,0.0013487305245055833,0.0015663115612872265,0.0033186130621122426,0.0010692830309966305,0.01676839072245277,0.5060581360858015
