Asset,TO,FROM,NET
S&P_500,0.6681946640142689,0.00826736243124293,0.6599273015830259
IEF,0.24613513359333872,0.05673143929198898,0.18940369430134973
Gold,0.0571295762485331,0.27649744750178085,-0.21936787125324775
Wheat,0.026625260986587795,0.010791849084176519,0.015833411902411276
Natural_Gas,0.01667892628034906,0.06987529404954407,-0.05319636776919501
Crude_Oil,0.017028332596163986,0.10019461837691102,-0.08316628578074703
PBW,0.011415137052185054,0.5208490200357823,-0.5094338829835972
