Asset,TO,FROM,NET
S&P_500,0.7228244770945499,0.005164045118341343,0.7176604319762085
IEF,0.09290161235701444,0.14517989730924696,-0.05227828495223252
Gold,0.02372390422052084,0.09895904450494142,-0.07523514028442058
Wheat,0.021562151891501458,0.024497561284180014,-0.0029354093926785563
Natural_Gas,0.041536144466172153,0.01608433464024772,0.025451809825924432
Crude_Oil,0.028375108862074172,0.1573768472583068,-0.12900173839623263
PBW,0.010280195137629566,0.4939418639141985,-0.4836616687765689
