Asset,TO,FROM,NET
S&P_500,0.5788093868989505,0.02176451790686118,0.5570448689920893
IEF,0.026241962526897145,0.05782169486343591,-0.03157973233653877
Gold,0.17306917075497863,0.06822022400403871,0.10484894675093992
Wheat,0.011921554169406212,0.021957519307826856,-0.010035965138420644
Natural_Gas,0.10946896367604497,0.028984572178547663,0.08048439149749731
Crude_Oil,0.02295012543492847,0.2186891986849635,-0.19573907325003503
PBW,0.01697236389029788,0.5219958004058298,-0.5050234365155319
