,S&P_500,IEF,Gold,Wheat,Natural_Gas,Crude_Oil,PBW
S&P_500,0.9782354820931388,0.0008733668325811411,0.013890825054081686,0.0006714915893359789,0.000183983829309125,0.0038431449390416775,0.002301705662511561
IEF,0.05013647240843739,0.942178305136564,0.0012826532961144183,0.00016063963622378968,0.0007943854739510878,0.0018261454813295497,0.0036213985673796923
Gold,0.04238540896133686,0.011126917632739444,0.9317797759959613,0.00016154831386294957,0.005440240984775539,0.00040490856588275135,0.008701199545441091
Wheat,0.0021713933932098663,0.0022121763624683736,0.008373441930239967,0.9780424806921731,0.0043037269280836185,0.004882363566895713,1.441712692925521e-05
Natural_Gas,0.0014411914874121552,0.006843523836954404,0.014658732069004608,9.570390815435361e-05,0.9710154278214523,0.00480453656107265,0.0011408843159494504
Crude_Oil,0.005749181148354279,0.0002507369194836542,0.10907028379741415,0.00734543495972225,0.09508080318790238,0.7813108013150364,0.0011927586720868301
PBW,0.47692573950019984,0.004935240942670147,0.025793234608123737,0.003486735762106774,0.003665823272023275,0.007189026320706163,0.4780041995941701
