Asset,TO,FROM,NET
S&P_500,0.7977258570501136,0.017705933611597335,0.7800199234385162
IEF,0.15896168072878591,0.1753402101421886,-0.016378529413402676
Gold,0.022627946368078966,0.1352459910720919,-0.11261804470401293
Wheat,0.01181350084388022,0.01758929538368703,-0.005775794539806811
Natural_Gas,0.008861707170658595,0.015200752961614272,-0.0063390457909556774
Crude_Oil,0.020499072810450047,0.1281949381553933,-0.10769586534494324
PBW,0.02088519943738648,0.5520978430827812,-0.5312126436453948
