,S&P_500,IEF,Gold,Wheat,Natural_Gas,Crude_Oil,PBW
S&P_500,0.9822940663884026,0.0066512252193574465,0.0020963459441591557,4.2435046494104054e-05,0.0017660927752284148,0.001697347392408005,0.005452487233950129
IEF,0.16766653296868855,0.8246597898578114,0.00108816399874479,0.0005693918914332336,0.0007648489857718512,0.0011851772881748411,0.004066095009375255
Gold,0.00778399047896499,0.12392178472192988,0.8647540089279081,0.001690789749524407,0.000943791559119209,0.0003184817585390233,0.0005871528040144766
Wheat,0.00043392574929602176,0.004536928626139605,0.002858622710383062,0.9824107046163129,3.7082414671011655e-05,0.004841265793711831,0.004881470089485485
Natural_Gas,0.001576297588920826,0.005799190481534526,0.0003066564775912042,0.00021372786417404212,0.9847992470383857,0.0014225009544759067,0.005882379594917795
Crude_Oil,0.0899818008259031,0.015322190813078554,0.01289615502862427,0.007778747360064866,0.002200429422079074,0.8718050618446067,1.5614705643362698e-05
PBW,0.5302833094383402,0.0027303608667458355,0.003382002208576433,0.0015184089321895011,0.00314946201378898,0.011034299623140346,0.4479021569172188
