Asset,TO,FROM,NET
S&P_500,0.968909601465013,0.06181925667138766,0.9070903447936254
IEF,0.06820831286705942,0.38129200827366116,-0.31308369540660175
Gold,0.5251106794737346,0.056342117166136685,0.4687685623075979
Wheat,0.05280633487902142,0.17062194873497816,-0.11781561385595674
Natural_Gas,0.27382707977493237,0.11516583227367982,0.15866124750125254
Crude_Oil,0.021614369176490233,0.5495660473413413,-0.527951678164851
PBW,0.034081848369817924,0.609751015544884,-0.575669167175066
