,S&P_500,IEF,Gold,Wheat,Natural_Gas,Crude_Oil,PBW
S&P_500,0.9700276116159099,0.003404061284248419,0.013940984390699433,0.0002342966395797335,0.0006476377120339001,0.002862441986078999,0.008882966371449561
IEF,0.20289781629635914,0.7750259482371747,0.012763386438231751,0.0015290996921373892,0.004903733333205863,0.0017430142349895712,0.0011370017679016048
Gold,0.00957336926636584,0.016063860411532984,0.9673982937721071,0.0011939800678949298,0.0003055328342514926,0.001047792943936142,0.004417170703911504
Wheat,0.0645935302332351,0.002767355977628405,0.03886969041330814,0.8882741966663726,0.0017168442781456865,0.003136838751742809,0.0006415436795671782
Natural_Gas,0.015246804429363556,0.0010496833294409479,0.0044710912606450645,0.021275036968977236,0.9556471141773556,0.00117930255383467,0.0011309672803828357
Crude_Oil,0.20064662889970364,0.02494597939615106,0.08884665662941515,0.03206348394427132,0.01191318685877874,0.6414379539396063,0.0001461103320738322
PBW,0.719257710368926,0.0050846491035139735,0.01560283793452709,9.549269508502339e-05,0.0007667517232857825,0.004951858900500481,0.25424069927416165
