Asset,TO,FROM,NET
S&P_500,0.7260032094163529,0.02450655457298989,0.701496654843363
IEF,0.2223334405510473,0.13241328168093291,0.0899201588701144
Gold,0.06020655884578252,0.2708310443900621,-0.2106244855442796
Wheat,0.03210924122019776,0.058006962176109456,-0.025897720955911696
Natural_Gas,0.020978829819132794,0.020049592989339504,0.0009292368297932896
Crude_Oil,0.0460179325885719,0.16622550628156296,-0.12020757369299107
PBW,0.03245151807211066,0.46806778842219876,-0.4356162703500881
