Asset,TO,FROM,NET
S&P_500,0.42793229202591365,0.015874838960721283,0.41205745306519237
IEF,0.1016481506600575,0.03670790339593477,0.06494024726412273
Gold,0.13801442597074787,0.09383857799762918,0.04417584797311869
Wheat,0.08972658366051711,0.09103162465023362,-0.0013050409897165105
Natural_Gas,0.016887944628593554,0.02775687534698912,-0.010868930718395564
Crude_Oil,0.051710100837289996,0.20321904365269727,-0.15150894281540728
PBW,0.029616694462679338,0.38710732824159344,-0.3574906337789141
