overall_agreement,rolling_60d_agreement_mean,n_obs
0.31785345717234265,0.31722219268143576,969
