,S&P_500,IEF,Gold,Wheat,Natural_Gas,Crude_Oil,PBW
S&P_500,0.9841251610392787,0.0015164332939523232,0.0012891013451796108,0.0039119077227866925,9.931058743746762e-05,0.007124602949348257,0.0019334830620170024
IEF,0.006172962033682111,0.9632920966040652,0.00936439963051129,0.0018389716414562458,0.0005113086320965581,0.013848367320943177,0.0049718941372454
Gold,0.013708035707453577,0.06908184210685436,0.9061614220023708,0.008384237976778754,0.0007472833175181045,0.0007229374928958101,0.0011942413961287144
Wheat,0.001530371261305744,0.0032442937222871386,0.04727895048179864,0.9089683753497664,0.009260464107326359,0.024614938089508875,0.005102606988006848
Natural_Gas,0.012820276507062064,0.00126756767068126,0.0019365892095748636,0.00530470201228733,0.9722431246530109,0.0036779503559274764,0.002749789591456186
Crude_Oil,0.019825965042522407,0.024957426290128492,0.07058242699835528,0.068382150629106,0.005806395404759809,0.7967809563473027,0.013664679287825205
PBW,0.3738746814738879,0.0015805875761538595,0.007562958305328044,0.0019046136781021414,0.0004631825794551825,0.0017213046286663647,0.6128926717584066
