Asset,TO,FROM,NET
S&P_500,0.4350766660544164,0.009616030292558864,0.42546063576185755
IEF,0.1124515523741999,0.031251015463050424,0.08120053691114948
Gold,0.0745674016908543,0.05755399806037975,0.017013403630474544
Wheat,0.015050170627739723,0.015788750852192,-0.0007385802244522788
Natural_Gas,0.019894279280356142,0.018578167731613138,0.0013161115487430042
Crude_Oil,0.011130803162849423,0.15738139105123516,-0.14625058788838574
PBW,0.027140160062225083,0.4051416798016111,-0.378001519739386
