,S&P_500,IEF,Gold,Wheat,Natural_Gas,Crude_Oil,PBW
S&P_500,0.9381807433286123,0.008380870249843318,0.022637028093549144,0.006713228785218256,0.00501336416684125,0.00936466793173901,0.009710097444196673
IEF,0.3540502150188297,0.6187079917263388,0.010541273959927338,0.0060394539107737335,0.000861690602859224,4.398190405395398e-05,0.009755392877217252
Gold,0.030887910106015937,0.0016273229606940044,0.9436578828338633,0.009844557078214607,0.0021317510530324563,0.002400384440188318,0.009450191527991435
Wheat,0.014583471186440959,0.03995740187037218,0.09831158946556702,0.8293780512650218,0.006832797325113745,0.0062775907479083095,0.0046590981395758825
Natural_Gas,0.008606362621571084,0.005842298690411405,0.09072503121237413,0.0066666384733143624,0.8848341677263202,0.0031035194092599613,0.00022198186674891144
Crude_Oil,0.032616906998820284,0.008826121544326779,0.261600086023807,0.013606206895681679,0.23263163936461773,0.4504339526586587,0.000285086514087791
PBW,0.5281647355333351,0.0035742975514115607,0.0412956707185099,0.009936249735818772,0.026355837262467863,0.0004242247433407095,0.3902489844551161
