,S&P_500,IEF,Gold,Wheat,Natural_Gas,Crude_Oil,PBW
S&P_500,0.8040096564496731,0.031037078980535964,0.05026129863030476,0.03937591916409276,0.020238636570923303,0.027082660315637816,0.027994749888832344
IEF,0.199394371277231,0.6656942038957553,0.05104725783185854,0.004108099039973044,0.02922390386360199,0.03276572482243859,0.017766439269141534
Gold,0.044813719250069266,0.13246581767834426,0.7500684252061576,0.013023513780706411,0.020833487239370462,0.019752257082119223,0.019042779763232796
Wheat,0.02843871849412726,0.02091021991595573,0.02734801448911358,0.8875584866675177,0.012475138285038241,0.009837279605501655,0.013432142542745848
Natural_Gas,0.020369361916648374,0.011773179440439306,0.01693614389407777,0.025087698898927452,0.8973070740778926,0.01271932183189556,0.01580721994011896
Crude_Oil,0.18686621997875083,0.02630737659579557,0.07194732009176165,0.010764093559829619,0.03485109193613958,0.6542121569933117,0.015051740844410971
PBW,0.47307510793645036,0.0364137408632522,0.03774995497130132,0.02290151720368614,0.01778999853310405,0.033883361961591085,0.37818631853061496
