Asset,TO,FROM,NET
S&P_500,1.2122158594939534,0.02997238838409011,1.1822434711098633
IEF,0.053315589502515914,0.22497405176282526,-0.17165846226030934
Gold,0.1744946470668267,0.032601706227892824,0.1418929408389339
Wheat,0.056391390007945574,0.11172580333362725,-0.055334413325681675
Natural_Gas,0.020253686739701404,0.044352885822644406,-0.024099199082943
Crude_Oil,0.014921249371082634,0.3585620460603939,-0.34364079668931125
PBW,0.0163557601352865,0.7457593007258383,-0.7294035405905518
