,S&P_500,IEF,Gold,Wheat,Natural_Gas,Crude_Oil,PBW
S&P_500,0.991732637568757,0.0008479424270030372,0.0038117706426956306,0.0017575528716821678,0.0010692740368070843,0.0005331463516155656,0.00024767610143931296
IEF,0.051952274718693243,0.943268560708011,0.0003037488441987866,0.0025106206820575353,7.344763724623197e-05,4.327397728541617e-05,0.0018480734325077262
Gold,0.04869773037732842,0.2196424483794,0.7235025524982192,0.0036279524920856225,0.001828282995392931,0.0025522665315702,0.0001487667260037706
Wheat,0.0014536740623468543,0.0002444582513402901,0.004913045954610861,0.9892081509158235,0.0017280355296644696,0.0020040001601247213,0.0004486351260892993
Natural_Gas,0.03983064768965875,0.00150547768411253,0.014922982323985833,0.0019342962158471805,0.9301247059504559,0.0043026484047880105,0.007379241731151785
Crude_Oil,0.025675238101496117,0.01724851312087883,0.03089170249105061,0.016613733258607634,0.008422687469884638,0.899805381623089,0.0013427439349931502
PBW,0.5005850990647454,0.006646293730603968,0.002286325991991543,0.00018110546630765482,0.0035571986113537785,0.007592997170780125,0.4791509799642177
