,S&P_500,IEF,Gold,Wheat,Natural_Gas,Crude_Oil,PBW
S&P_500,0.5750310529871518,0.051981874977395884,0.0006854300898589298,0.006346320365608736,0.00351438824995896,0.04700358564380732,0.3154373476862184
IEF,0.08064979294321226,0.8287709167619814,0.02146337985419415,0.003667752229449457,0.00039956628546620527,0.02835626544545207,0.03669232648024437
Gold,0.002987664137618684,0.027553177461626478,0.903558181381395,0.017917409565666086,0.001954989022055555,0.037178284696210956,0.00885029373542748
Wheat,0.010591379506802518,0.0045099271185035355,0.017619574730078774,0.921959211070766,0.004442568095195739,0.03168545508219558,0.009191884396457909
Natural_Gas,0.0058370395304014585,0.000468387661451267,0.0020853332287745032,0.00462526684128033,0.9573258559171249,0.02297974201834538,0.006678374802622296
Crude_Oil,0.06256651044081275,0.026718883937893786,0.031628618553227156,0.025901190185130398,0.018895669084373446,0.7746578484545258,0.05963127934403664
PBW,0.32596475624103355,0.024359738700686154,0.005420252546557867,0.005848916472636822,0.00394529144759128,0.04451794103749496,0.5899431035539994
