,S&P_500,IEF,Gold,Wheat,Natural_Gas,Crude_Oil,PBW
S&P_500,0.9973761630700925,0.0901611882433465,0.0011888603746266946,0.011007524937972095,0.006095613532650387,0.08152647697272183,0.5471177424070638
IEF,0.09654583212753501,0.9921213047406815,0.025693802707610652,0.004390664601943312,0.0004783206269060819,0.033945273057156056,0.04392436810376868
Gold,0.003269190478577973,0.030149501839224133,0.9887000905555915,0.019605759568257553,0.0021392068191850412,0.040681578899156225,0.009684253209110401
Wheat,0.011453287167137075,0.004876936980485363,0.01905342443982983,0.9969866148218564,0.00480409639944995,0.03426396116244608,0.009939903629375428
Natural_Gas,0.0060898147259469656,0.0004886713655615086,0.0021756393697446954,0.004825565764075937,0.9987832127107285,0.02397488840240166,0.0069675843390433955
Crude_Oil,0.08052918487215359,0.03438980261249669,0.040709108639407285,0.03333735121443798,0.024320564120609116,0.9970600030486354,0.07675125693643496
PBW,0.5516053787694174,0.0412221340971602,0.00917228136393716,0.0098976767411439,0.006676316815352622,0.07533432758559915,0.9983158696079457
