,Directional_FROM,Directional_TO,Net
S&P_500,42.496894701284816,48.85971427998814,6.3628195787033235
IEF,17.122908323801866,13.5591989857557,-3.5637093380461664
Gold,9.644181861860531,7.890258900269146,-1.7539229615913854
Wheat,7.8040788929234,6.4306855659771855,-1.3733933269462142
Natural_Gas,4.267414408287522,3.3152472184641226,-0.952167189823399
Crude_Oil,22.53421515454741,21.17212739235063,-1.3620877621967793
PBW,41.00568964460006,43.648150644500724,2.6424609999006634
