,S&P_500,IEF,Gold,Wheat,Natural_Gas,Crude_Oil,PBW
S&P_500,57.503105298715184,5.198187497739588,0.06854300898589298,0.6346320365608736,0.351438824995896,4.700358564380732,31.54373476862184
IEF,8.064979294321226,82.87709167619815,2.146337985419415,0.3667752229449457,0.03995662854662053,2.835626544545207,3.669232648024437
Gold,0.2987664137618684,2.755317746162648,90.3558181381395,1.7917409565666085,0.19549890220555552,3.7178284696210957,0.885029373542748
Wheat,1.0591379506802518,0.45099271185035356,1.7619574730078775,92.1959211070766,0.4442568095195739,3.168545508219558,0.9191884396457909
Natural_Gas,0.5837039530401459,0.0468387661451267,0.20853332287745033,0.46252668412803305,95.73258559171249,2.2979742018345384,0.6678374802622296
Crude_Oil,6.256651044081275,2.6718883937893785,3.1628618553227157,2.5901190185130396,1.8895669084373445,77.46578484545257,5.963127934403664
PBW,32.596475624103356,2.4359738700686155,0.5420252546557867,0.5848916472636823,0.39452914475912804,4.451794103749496,58.99431035539994
