,S&P_500,IEF,Gold,Wheat,Natural_Gas,Crude_Oil,PBW
count,969.0,969.0,969.0,969.0,969.0,969.0,969.0
mean,51.59699321480481,25.338928019598338,16.966702004388207,9.069190111266417,7.263603628223461,27.420523305991203,48.19870424227158
std,15.070932802180137,11.439732905817705,7.689455613018884,8.401884170703003,5.058714396013801,15.345338435353476,12.507379540397222
min,21.253748327612968,2.343223222721008,4.665531391015094,1.0679841433065462,0.8957180984364186,4.055328359714039,21.42790469825016
25%,40.614987829846726,16.60535602705889,10.46895836387965,3.4166456731706063,3.608189020226917,16.060627521990583,38.93649014167956
50%,49.97010434708428,26.34183319632885,15.472866865488626,5.807398987408817,5.687186231848088,23.616135299355676,47.32025115408662
75%,65.19292172284031,33.441909333337996,22.138495875212513,12.38545314570915,9.849717891713324,37.078460311178105,57.832090163124064
max,84.25962721744823,53.297968593279144,38.190783958332666,42.756102205135534,25.896518658318627,68.37923068699823,77.40261920179904
