model,stat,pval,dbar,T
XGB,3.061500650136735,0.0024023687724945564,3.441243424589508,300
LGBM,3.4698998085278827,0.0005972768559634467,3.115482307136312,300
