Asset,Tau
S&P_500,0.03988681401811519
IEF,0.02173073785884711
Gold,0.11180466568262823
Wheat,0.0331592334081296
Natural_Gas,0.05691873177793491
Crude_Oil,0.033290298860755255
PBW,0.05719899856823711
