feature,mean_abs_shap,n_obs
S&P_500_x_lag14,0.03361302,969
IEF_x_lag6,0.03139589,969
IEF_x_lag7,0.019291764,969
Total_Spillover_z20_lag1,0.018137703,969
IEF_x_lag5,0.018095717,969
IEF_x_lag14,0.017461983,969
Gold_x_lag1,0.017043913,969
Crude_Oil_x_lag11,0.016312366,969
Gold_x_lag9,0.015622267,969
Total_Spillover_chg1_lag2,0.0153279025,969
