Source,Target,Weight
IEF,S&P_500,0.9272308083221741
PBW,S&P_500,0.9079216665064146
Gold,IEF,0.7022744809929076
S&P_500,PBW,0.6037015989950378
Crude_Oil,S&P_500,0.5077015164045643
Natural_Gas,Gold,0.34804500164630137
Wheat,S&P_500,0.2910434421812191
Gold,S&P_500,0.2704731101952565
Wheat,IEF,0.26804493072917734
Crude_Oil,Gold,0.24788251069422124
Wheat,PBW,0.2410923540911213
Natural_Gas,IEF,0.2364038614440242
