Source,Target,Weight
PBW,S&P_500,0.7607988084445875
IEF,S&P_500,0.5964430578255817
Crude_Oil,S&P_500,0.5404071420033602
Gold,IEF,0.5300083344315722
S&P_500,Gold,0.2564478316626785
Wheat,S&P_500,0.25292009731348797
Natural_Gas,Wheat,0.2442982189246073
Wheat,Gold,0.24321990765321044
Crude_Oil,Gold,0.2080678125239066
S&P_500,Wheat,0.2009074449832866
Natural_Gas,S&P_500,0.19835214289345038
Wheat,IEF,0.18596530139296139
