Source,Target,Weight
PBW,S&P_500,0.903798677558523
Wheat,Gold,0.6665668209394445
S&P_500,IEF,0.610164011247831
Natural_Gas,Wheat,0.4732748845033578
Gold,IEF,0.37835767535283676
Crude_Oil,Gold,0.3764720710215046
IEF,Natural_Gas,0.3628160931511493
IEF,PBW,0.35644012663458313
Crude_Oil,IEF,0.35541693469197094
Gold,S&P_500,0.35402243172350023
Natural_Gas,S&P_500,0.2964161717092654
Crude_Oil,S&P_500,0.22708669278021779
