Source,Target,Weight
PBW,S&P_500,0.9136581925168943
IEF,S&P_500,0.8670875616297772
S&P_500,Gold,0.6382326093105335
Gold,S&P_500,0.6213026940343642
Natural_Gas,Gold,0.5057425715551553
Crude_Oil,Gold,0.49874563743103445
Crude_Oil,Natural_Gas,0.43477594576983536
Wheat,Gold,0.3813473559035088
Natural_Gas,IEF,0.2361091892196202
Wheat,Crude_Oil,0.22235497090763923
Wheat,Natural_Gas,0.196002420298434
S&P_500,Crude_Oil,0.17657845468886452
