Source,Target,Weight
PBW,S&P_500,0.964463614022489
IEF,S&P_500,0.9018720812756693
Wheat,S&P_500,0.5781433501117983
Crude_Oil,S&P_500,0.5595869141875328
Gold,IEF,0.4927306656664908
Natural_Gas,Wheat,0.4796764984819861
S&P_500,Gold,0.46512757715697006
Wheat,Gold,0.3479025368673196
Natural_Gas,S&P_500,0.3437612715964328
S&P_500,PBW,0.29637165572580243
Gold,S&P_500,0.29364626499748164
Crude_Oil,Gold,0.24778600413957488
