Source,Target,Weight
PBW,S&P_500,0.9658165945144629
Gold,IEF,0.7361774185090454
Wheat,Gold,0.5193684135975424
Natural_Gas,S&P_500,0.46187751131190646
S&P_500,Crude_Oil,0.44879843927717816
IEF,Crude_Oil,0.37725846588331285
Crude_Oil,Gold,0.3473219129944393
Crude_Oil,Wheat,0.33649479596002657
Wheat,Crude_Oil,0.270399854820626
IEF,Gold,0.25510581548354877
S&P_500,Wheat,0.24642188386702785
Natural_Gas,Wheat,0.19111308264972912
