Source,Target,Weight
IEF,S&P_500,0.9285539883771197
PBW,S&P_500,0.8661973856023154
Natural_Gas,Gold,0.7877773244131603
Wheat,Gold,0.5761954437542594
Gold,S&P_500,0.5482206146946234
Crude_Oil,Gold,0.4760120958879482
Crude_Oil,Natural_Gas,0.4233006032487446
S&P_500,Gold,0.36618085225257146
Wheat,IEF,0.23418676299634109
Gold,Wheat,0.1747282064176937
Gold,PBW,0.16772872592141896
S&P_500,PBW,0.1570723746455342
