Source,Target,Weight
PBW,S&P_500,0.9610944435113947
IEF,S&P_500,0.9157580940490888
Gold,IEF,0.7943742351472716
Natural_Gas,S&P_500,0.5700247595583284
S&P_500,Gold,0.46106248206693523
Wheat,Gold,0.45525525016975205
Crude_Oil,Gold,0.3083169834016693
Crude_Oil,S&P_500,0.25625366429274
Natural_Gas,Gold,0.2135659323795465
S&P_500,Wheat,0.2125893096255558
Wheat,Crude_Oil,0.18569571761924755
Gold,S&P_500,0.17612361639257
