Source,Target,Weight
PBW,S&P_500,0.9512668784326093
IEF,S&P_500,0.8919911884935277
Gold,IEF,0.7234608595399361
Crude_Oil,S&P_500,0.5820184481299492
S&P_500,Natural_Gas,0.427857996909228
Wheat,Crude_Oil,0.3634135885709415
Natural_Gas,S&P_500,0.35835511286808686
Natural_Gas,Wheat,0.24119837535647368
S&P_500,Wheat,0.22222186077521028
Gold,S&P_500,0.21693335584111198
Natural_Gas,PBW,0.19316944510621856
Wheat,IEF,0.19149658550505338
